﻿Designator,Quantity,Value,Footprint,Package,MPN,DNP,Mount_Type,LCSC,P/N,Group#,MFR PT,Description,MANUFACTURER
"10k_1, 10k_4, 10k_5, 10k_8, 1k_1",5,10k,R_0603_1608Metric,,,,smt,C25804,755-ESR10EZPF1002,13,,,
"1k_21, 1k_22",2,1k,R_0603_1608Metric,,,,smt,C25804,,,,,
"20k_1, 20k_21, R20k_4",3,20k,R_0603_1608Metric,,,,smt,C4184,,,,,
5k_2,1,5k,R_0603_1608Metric,,,,smt,C4184,,,,,
C21,1,100nF,C_0805_2012Metric,,,,smt,C342865,,,C2012X7T2E104KT000N,,
C23,1,C_Polarized_Small_US,CP_EIA-3216-18_Kemet-A,,,,smt,C7171,,,,,
"C25, C27, DC_5",3,10uF,C_0805_2012Metric,,,,smt,"[C25,C27]C96446; [DC_5]C15850",,,CL10A106MA8NRNCCopy,,
"DC_1, DC_2, DC_3, DC_4, DC_6",5,100nF,C_0603_1608Metric,,,,smt,C14663,810-C2012X7R2A104K,5,,,
D_BLU2,1,BLUE,LED_0603_1608Metric,,,,smt,C72041,,,,,
D_BLU21,1,LED BLU,LED_0603_1608Metric,,,,smt,C72041,,,,,
D_GRN1,1,LED GRN,LED_0603_1608Metric,,,,smt,C72043,,,,,
D_RED1,1,LED RED,LED_0603_1608Metric,,,,smt,C2286,,,,,
J1,1,Conn_01x18,my_PinSocket_3x07_P2.54mm_Vertical,,,,tht,,,,,"Generic connector, single row, 01x18, script generated (kicad-library-utils/schlib/autogen/connector/)",
J21,1,Conn_01x07,JST_PH_B7B-PH-K_1x07_P2.00mm_Vertical,,,,tht,,,,,"Generic connector, single row, 01x07, script generated (kicad-library-utils/schlib/autogen/connector/)",
"J22, J23",2,Conn_01x01,PinSocket_1x01_P2.54mm_Vertical,,,,tht,,,,,"Generic connector, single row, 01x01, script generated (kicad-library-utils/schlib/autogen/connector/)",
"J24, J25",2,Conn_01x01,SolderWire-2sqmm_1x01_D2mm_OD3.9mm,,,,tht,,,,,"Generic connector, single row, 01x01, script generated (kicad-library-utils/schlib/autogen/connector/)",
LS1,1,Speaker,SPKR_CDS-13138-SMT-TR,,,,tht,,,,,Speaker,
Q1,1,my_BC337,SOT-23,,,,smt,,,,,"0.8A Ic, 45V Vce, NPN Transistor, TO-92",
R_120,1,120,R_0603_1608Metric,,,,smt,C17437,,,,,
S1,1,TL3342F160QG,SW_SPST_B3SL-1022P,,,,smt,C318884,,,,,E SWITCH
"S11, S12",2,TL3342F160QG,SW_Push_SPST_NO_Alps_SKRK,,,,smt,C318884,,,,,E SWITCH
U1,1,"TJA1050T/CM,118",SOIC-8_3.9x4.9mm_P1.27mm,,,,smt,C6952,,,,,
U11,1,ESP32-WROOM-32D,ESP32-WROOM-32D,,,,smt,C529578,,,,,
U2,1,Teensy4.0,Teensy40,,,,tht,,,,,,
U21,1,LD1117S18TR_SOT223,SOT-223-3_TabPin2,,,,smt,C2984862,,,,,
