﻿pos_x,pos_y,rotation,side,designator,mpn,pack,footprint,value,mount_type
61.483956,-59.998831,90.0,top,10k_1,,,R_0603_1608Metric,10k,smt
88.583756,-80.084631,-90.0,top,10k_4,,,R_0603_1608Metric,10k,smt
80.582756,-80.123231,-90.0,top,10k_5,,,R_0603_1608Metric,10k,smt
29.057356,-80.693831,0.0,top,10k_8,,,R_0603_1608Metric,10k,smt
43.182356,-57.693831,180.0,top,1k_1,,,R_0603_1608Metric,10k,smt
71.032356,-58.968831,90.0,top,1k_21,,,R_0603_1608Metric,1k,smt
70.232356,-63.268831,-90.0,top,1k_22,,,R_0603_1608Metric,1k,smt
87.075206,-24.653831,180.0,top,20k_1,,,R_0603_1608Metric,20k,smt
46.132356,-74.743831,-90.0,top,20k_21,,,R_0603_1608Metric,20k,smt
73.908956,-24.693831,0.0,top,5k_2,,,R_0603_1608Metric,5k,smt
41.632356,-68.793831,0.0,top,C21,,,C_0805_2012Metric,100nF,smt
56.232356,-77.993831,-90.0,top,C23,,,CP_EIA-3216-18_Kemet-A,C_Polarized_Small_US,smt
47.032356,-69.843831,180.0,top,C25,,,C_0805_2012Metric,10uF,smt
47.032356,-72.043831,180.0,top,C27,,,C_0805_2012Metric,10uF,smt
51.803956,-61.143831,90.0,top,CAN1,,,JST_PH_B4B-PH-K_1x04_P2.00mm_Vertical,Conn_01x04,tht
28.957356,-69.593831,180.0,top,DC_1,,,C_0603_1608Metric,100nF,smt
41.335756,-65.068831,90.0,top,DC_2,,,C_0603_1608Metric,100nF,smt
87.034356,-80.084631,90.0,top,DC_3,,,C_0603_1608Metric,100nF,smt
82.360756,-80.123231,90.0,top,DC_4,,,C_0603_1608Metric,100nF,smt
86.932756,-49.453831,0.0,top,DC_5,,,C_0805_2012Metric,10uF,smt
90.222356,-49.631631,0.0,top,DC_6,,,C_0603_1608Metric,100nF,smt
70.782356,-68.593831,180.0,top,D_BLU2,,,LED_0603_1608Metric,BLUE,smt
47.782356,-74.743831,90.0,top,D_BLU21,,,LED_0603_1608Metric,LED BLU,smt
77.147706,-24.693831,0.0,top,D_GRN1,,,LED_0603_1608Metric,LED GRN,smt
83.650206,-24.753831,180.0,top,D_RED1,,,LED_0603_1608Metric,LED RED,smt
42.973956,-28.023831,-90.0,top,J1,,,my_PinSocket_3x07_P2.54mm_Vertical,Conn_01x18,tht
67.132356,-60.023831,180.0,top,J12,,,PinHeader_1x03_P2.54mm_Vertical,Conn_01x03,tht
67.132356,-69.423831,180.0,top,J13,,,PinHeader_1x03_P2.54mm_Vertical,Conn_01x03,tht
64.842356,-77.143831,90.0,top,J14,,,PinHeader_1x04_P2.54mm_Vertical,SERIAL1,tht
74.292356,-48.243831,90.0,top,J15,,,PinHeader_1x03_P2.54mm_Vertical,Conn_01x03,tht
55.832356,-23.543831,0.0,top,J21,,,JST_PH_B7B-PH-K_1x07_P2.00mm_Vertical,Conn_01x07,tht
57.482356,-66.793831,0.0,top,J22,,,PinSocket_1x01_P2.54mm_Vertical,Conn_01x01,tht
45.532356,-62.843831,-90.0,top,J23,,,PinSocket_1x01_P2.54mm_Vertical,Conn_01x01,tht
33.432356,-60.243831,90.0,top,LS1,,,SPKR_CDS-13138-SMT-TR,Speaker,tht
65.332356,-48.493831,180.0,top,MESC1,,,JST_PH_B6B-PH-K_1x06_P2.00mm_Vertical,Conn_01x06,tht
43.027456,-54.618631,180.0,top,Q1,,,SOT-23,my_BC337,smt
70.883956,-70.422631,0.0,top,R20k_4,,,R_0603_1608Metric,20k,smt
57.678956,-62.881331,0.0,top,R_120,,,R_0603_1608Metric,120,smt
29.032356,-75.082931,-90.0,top,S1,,,SW_SPST_B3SL-1022P,TL3342F160QG,smt
88.182356,-76.043831,0.0,top,S11,,,SW_Push_SPST_NO_Alps_SKRK,TL3342F160QG,smt
81.482356,-76.043831,180.0,top,S12,,,SW_Push_SPST_NO_Alps_SKRK,TL3342F160QG,smt
57.918956,-58.343831,-90.0,top,U1,,,SOIC-8_3.9x4.9mm_P1.27mm,"TJA1050T/CM,118",smt
83.092356,-60.343831,-90.0,top,U11,,,ESP32-WROOM-32D,ESP32-WROOM-32D,smt
71.563956,-36.073831,180.0,top,U2,,,Teensy40,Teensy4.0,tht
52.882356,-72.943831,-90.0,top,U21,,,SOT-223-3_TabPin2,LD1117S18TR_SOT223,smt
