﻿Designator,Footprint,Quantity,Value,LCSC Part #
"10K_1, 10K_4, 10K_5, 10K_8",0603,4,10k,C25804
"10K_7, 1K_1",0603,2,10k,
"1K_21, 1K_22",0603,2,1k,C25804
"20K_1, 20K_2, 20K_3, R20K_4",0603,4,20k,C4184
90K_1,0603,1,90k,
"C21, DC_5",0805,2,10uF,C15850
C22,CP_EIA-3216-18_Kemet-A,1,C_Polarized_Small_US,C7171
D22,SOT-23-3,1,BAT54S,
"DC_1, DC_3, DC_4, DC_6",0603,4,100nF,C14663
DC_2,0603,1,100nF,
D_BLU1,0603,1,LED BLU,C72041
D_BLU2,0603,1,BLUE,C72041
D_GRN1,0603,1,LED GRN,C72043
D_RED1,0603,1,LED RED,C2286
J1,my_PinSocket_3x07_P2.54mm_Vertical,1,Conn_01x18,
J22,PinSocket_1x01_P2.54mm_Vertical,1,Conn_01x01,
"J24, J25",SolderWire-2sqmm_1x01_D2mm_OD3.9mm,2,Conn_01x01,
LS1,SPKR_CDS-13138-SMT-TR,1,Speaker,
MP1,PinSocket_1x08_P2.54mm_Vertical,1,Conn_01x08,
Q1,SOT-23,1,my_BC337,
R_120,0603,1,120,C17437
S1,SW_SPST_B3SL-1022P,1,TL3342F160QG,C318884
"S11, S12",SW_Push_SPST_NO_Alps_SKRK,2,TL3342F160QG,C318884
SW_SPDT21,SW_NKK_BB15AH,1,SW_SPDT,
U1,SOIC-8_3.9x4.9mm_P1.27mm,1,"TJA1050T/CM,118",C6952
U11,ESP32-WROOM-32D,1,ESP32-WROOM-32D,C529578
U2,Teensy40,1,Teensy4.0,
U21,SOT-223-3_TabPin2,1,LD1117S18TR_SOT223,C2984862
U22,my_buck_boost,1,my_buck_boost,
