﻿Designator,Quantity,Value,Footprint,Package,MPN,DNP,Mount_Type,Description
", ",2,,,,,,tht,
C1,1,C_Small,C_0603_1608Metric,,,,smt,"Unpolarized capacitor, small symbol"
J5,1,Conn_01x05,JST_GH_BM05B-GHS-TBT_1x05-1MP_P1.25mm_Vertical,,,,smt,"Generic connector, single row, 01x05, script generated (kicad-library-utils/schlib/autogen/connector/)"
TVS1,1,SMFJ6.0A / SMFJ6.0CA,C_0805_2012Metric,,,,smt,
U1,1,MT6701CT,SO-8_3.9x4.9mm_P1.27mm,,,,smt,"Hall Based Angle Position Encoder Sensor, I2C, SSI, ABZ & UVW interfaces, 3.3..5V supply, SOIC-8"
